000149934848|F|SRM Approval Process for Document ID 106810983 (GUID: 0E1154A034401EED98986B37135BF84A)|20221110|074713
000149937139|F|SRM Approval Process for Document ID 106811145 (GUID: 06CA575B99641EED9898EC820A48D84A)|20221110|081727
000149940454|F|SRM-Genehmigungsprozess für Beleg-ID 106811194 (GUID: 06CA575B99641EED98997EEB4CAA984A)|20221110|085439
000149948408|F|SRM Approval Process for Document ID 106811378 (GUID: 0E1154A034401EED989AC51FE285784A)|20221110|102354
000149948697|F|SRM Approval Process for Document ID 106811241 (GUID: 06391957D9921EED989A384B8F57384B)|20221110|103646
000149948968|F|SRM Approval Process for Document ID 106811473 (GUID: 06CA575B99641EED989BAD6E416E984A)|20221110|105315
000149949664|F|SRM Approval Process for Document ID 106811424 (GUID: 06CA575B99641EED989B61DED3AED84A)|20221110|104045
000149949762|F|SRM Approval Process for Document ID 106811453 (GUID: 06CA575B99641EED989B76F07DF3184A)|20221110|104252
000149950878|F|SRM Approval Process for Document ID 106811527 (GUID: 06391957D9921EED989C2AA12C4AF84B)|20221110|114334
000149951776|F|SRM Approval Process for Document ID 106811646 (GUID: 0E1154A034401EED989CD75FF53BF84A)|20221110|121618
000149953170|F|SRM-godkännandeprocess för dokument-ID 106811485 (GUID: 06CA575B99641EED989BCEDEB3F6784A)|20221110|111233
000149954008|F|SRM Approval Process for Document ID 106811480 (GUID: 06CA575B99641EED989BB466BD95584A)|20221110|105855
000149956468|F|SRM Approval Process for Document ID 106811663 (GUID: 06CA575B99641EED989CE8075A26F84A)|20221110|120652
000149956838|F|SRM-Genehmigungsprozess für Beleg-ID 106811742 (GUID: 06CA575B99641EED989D71C86EF6D84A)|20221110|123411
000149958646|F|SRM-Genehmigungsprozess für Beleg-ID 106811747 (GUID: 06CA575B99641EED989D753D2E05384A)|20221110|123451
000149958956|F|SRM Approval Process for Document ID 106811820 (GUID: 06CA575B99641EED989E0EB266EB184A)|20221110|130905
000149959148|F|SRM-Genehmigungsprozess für Beleg-ID 106811749 (GUID: 06CA575B99641EED989D7CCF16E8384A)|20221110|123625
000149959663|F|SRM Approval Process for Document ID 106811854 (GUID: 06CA575B99641EED989E31746BA0F84A)|20221110|131651
000149960480|F|SRM Approval Process for Document ID 106811850 (GUID: 06CA575B99641EED989E289487AC784A)|20221110|131459
000149961525|F|SRM Approval Process for Document ID 106811865 (GUID: 06CA575B99641EED989E46A2EDD0184A)|20221110|132143
000149962189|F|SRM Approval Process for Document ID 106811782 (GUID: 06CA575B99641EED989DD00DC13E184A)|20221110|125523
000149963334|F|Processus d'approbation SRM pour ID document 106811874 (GUID : 06CA575B99641EED989E546CA93D184A)|20221110|132442
000149966438|F|SRM Approval Process for Document ID 106811995 (GUID: 06CA575B99641EED989F09D1BB60784A)|20221110|141356
000149967085|F|SRM Approval Process for Document ID 106811939 (GUID: 06CA575B99641EED989EC6AFE37F984A)|20221110|135503
000149968104|F|SRM-godkännandeprocess för dokument-ID 106811981 (GUID: 06CA575B99641EED989F02DA504D584A)|20221110|141322
000149968579|F|SRM Approval Process for Document ID 106812071 (GUID: 06CA575B99641EED989F8B63B561F84A)|20221110|143911
000149972836|F|SRM Approval Process for Document ID 106812274 (GUID: 06CA575B99641EED98A0E8FD36A2784A)|20221110|155226
000149973982|F|SRM Approval Process for Document ID 106812327 (GUID: 06CA575B99641EED98A1205C387BF84A)|20221110|160454
000149977981|F|SRM Approval Process for Document ID 106812449 (GUID: 06CA575B99641EED98A1FF444FE8F84A)|20221110|165443
000149979327|F|Processus d'approbation SRM pour ID document 106812411 (GUID : 06CA575B99641EED98A1C859482A984A)|20221110|164250
000149979995|F|SRM Approval Process for Document ID 106812540 (GUID: 06CA575B99641EED98A2EFBB3120784A)|20221110|180202
000149980609|F|SRM Approval Process for Document ID 106812487 (GUID: 06CA575B99641EED98A2600FA107D84A)|20221110|171631
000149981132|F|Processus d'approbation SRM pour ID document 106812421 (GUID : 06CA575B99641EED98A1E8CAAC91D84A)|20221110|164938
000149981225|F|SRM Approval Process for Document ID 106812448 (GUID: 06CA575B99641EED98A1FB1B97FF984A)|20221110|165345
000149981798|F|SRM Approval Process for Document ID 106812501 (GUID: 06CA575B99641EED98A298DAA3B5384A)|20221110|172907
000149983170|F|SRM Approval Process for Document ID 106812473 (GUID: 06CA575B99641EED98A22E3B9A40584A)|20221110|170805
000149984125|F|SRM Approval Process for Document ID 106812544 (GUID: 06CA575B99641EED98A305A73907B84A)|20221110|181215
000149986868|F|SRM Approval Process for Document ID 106812605 (GUID: 06CA575B99641EED98A47AC1C270F84A)|20221110|191649
000149988813|F|SRM Approval Process for Document ID 106812644 (GUID: 06CA575B99641EED98A59A5A0101D84A)|20221110|202109
000149990851|F|SRM Approval Process for Document ID 106812722 (GUID: 06CA575B99641EED98A7E6DC9964D84A)|20221110|223247
000149991312|F|SRM Approval Process for Document ID 106812684 (GUID: 06CA575B99641EED98A64FBD67C0384A)|20221110|210145
000149992396|F|SRM Approval Process for Document ID 106812701 (GUID: 06CA575B99641EED98A74B189730B84A)|20221110|215758
000149992865|F|SRM Approval Process for Document ID 106812751 (GUID: 06CA575B99641EED98A8C843F691384A)|20221110|232312
000149993235|F|SRM Approval Process for Document ID 106812703 (GUID: 06CA575B99641EED98A764544709D84A)|20221110|220338
000149995113|F|SRM Approval Process for Document ID 106812780 (GUID: 06CA575B99641EED98AA66A9F708F84A)|20221111|005554
000149997171|F|SRM Approval Process for Document ID 106812778 (GUID: 06CA575B99641EED98AA5615327A584A)|20221111|005219
000150000412|F|SRM Approval Process for Document ID 106812925 (GUID: 06CA575B99641EED98AEA0795EE8584A)|20221111|045756
000150001885|F|SRM Approval Process for Document ID 106812985 (GUID: 06CA575B99641EED98B146EC0118784A)|20221111|072941
000150003677|F|SRM-Genehmigungsprozess für Beleg-ID 106813024 (GUID: 06CA575B99641EED98B1F8DE2FE8D84A)|20221111|080938
000150005082|F|SRM-Genehmigungsprozess für Beleg-ID 106813005 (GUID: 06CA575B99641EED98B183EDD350B84A)|20221111|074526
000150006261|F|SRM Approval Process for Document ID 106812998 (GUID: 06391957D9921EED98B16A29F050B84B)|20221111|080613
000150006968|F|Processus d'approbation SRM pour ID document 106813056 (GUID : 06391957D9921EED98B295AE1AEC184B)|20221111|091154
000150007784|F|SRM-godkendelsesproces for bilags-ID 106813144 (GUID: 06CA575B99641EED98B3111941B1184A)|20221111|093453
000150008124|F|SRM-Genehmigungsprozess für Beleg-ID 106813115 (GUID: 06CA575B99641EED98B2C80EA6F6B84A)|20221111|091608
000150008192|F|SRM-Genehmigungsprozess für Beleg-ID 106813117 (GUID: 06CA575B99641EED98B2D5635192F84A)|20221111|092409
000150008849|F|SRM Approval Process for Document ID 106813196 (GUID: 06CA575B99641EED98B3D1B8248B984A)|20221111|101036
000150010288|F|SRM Approval Process for Document ID 106813363 (GUID: 06CA575B99641EED98B7BAD419E3184A)|20221111|133929
000150011983|F|SRM Approval Process for Document ID 106813226 (GUID: 06CA575B99641EED98B49F7FCDA5184A)|20221111|110153
000150012642|F|SRM Approval Process for Document ID 106813229 (GUID: 06CA575B99641EED98B4D0814C4D384A)|20221111|111844
000150014307|F|SRM Approval Process for Document ID 106813228 (GUID: 06CA575B99641EED98B4A28E798F184A)|20221111|110521
000150015958|F|Processo de aprovação SRM para ID de documento 106813272 (GUID: 0E1154A034401EED98B669448674B84A)|20221111|125901
000150016893|F|SRM-Genehmigungsprozess für Beleg-ID 106813398 (GUID: 06CA575B99641EED98B7DA81F131F84A)|20221111|134739
000150016961|F|SRM-godkännandeprocess för dokument-ID 106813404 (GUID: 06CA575B99641EED98B7E452C03E384A)|20221111|134921
000150018328|F|SRM-Genehmigungsprozess für Beleg-ID 106813317 (GUID: 06CA575B99641EED98B6C352B74BB84A)|20221111|130854
000150018547|F|SRM Approval Process for Document ID 106813298 (GUID: 06391957D9921EED98B6976640B4784B)|20221111|131347
000150018808|F|SRM-Genehmigungsprozess für Beleg-ID 106813352 (GUID: 0E1154A034401EED98B78D6AA944984A)|20221111|133627
000150019394|F|SRM-Genehmigungsprozess für Beleg-ID 106813349 (GUID: 0E1154A034401EED98B75233D6E4184A)|20221111|132920
000150019863|F|SRM Approval Process for Document ID 106813441 (GUID: 06CA575B99641EED98B82CAFF62E184A)|20221111|140444
000150019989|F|SRM-Genehmigungsprozess für Beleg-ID 106813453 (GUID: 06CA575B99641EED98B841CF52ED384A)|20221111|141338
000150020552|F|SRM-Genehmigungsprozess für Beleg-ID 106813499 (GUID: 06CA575B99641EED98B885DF8A84784A)|20221111|142438
000150020608|F|SRM Approval Process for Document ID 106813517 (GUID: 06CA575B99641EED98B8A2AFF422784A)|20221111|143107
000150021041|F|SRM Approval Process for Document ID 106813375 (GUID: 06391957D9921EED98B7B391323E984B)|20221111|135220
000150022245|F|SRM-Genehmigungsprozess für Beleg-ID 106813503 (GUID: 06CA575B99641EED98B88B1D84A4584A)|20221111|142553
000150022422|F|SRM Approval Process for Document ID 106813547 (GUID: 06CA575B99641EED98B8ECA14FD3B84A)|20221111|144739
000150022581|F|SRM Approval Process for Document ID 106813579 (GUID: 06CA575B99641EED98B94035E4FE184A)|20221111|150633
000150023197|F|SRM-Genehmigungsprozess für Beleg-ID 106813481 (GUID: 06CA575B99641EED98B86952F3D5F84A)|20221111|141818
000150023713|F|SRM Approval Process for Document ID 106813560 (GUID: 06CA575B99641EED98B91958A609984A)|20221111|145745
000150023951|F|SRM Approval Process for Document ID 106813619 (GUID: 06CA575B99641EED98B97F6016E7384A)|20221111|152031
000150024093|F|SRM-Genehmigungsprozess für Beleg-ID 106813526 (GUID: 06CA575B99641EED98B8BC54AF3BD84A)|20221111|143830
000150024391|F|SRM Approval Process for Document ID 106813569 (GUID: 06CA575B99641EED98B92A24B050B84A)|20221111|150127
000150024514|F|SRM Approval Process for Document ID 106813596 (GUID: 06CA575B99641EED98B94B9C0B75D84A)|20221111|150857
000150024641|F|SRM-Genehmigungsprozess für Beleg-ID 106813613 (GUID: 06CA575B99641EED98B9703FC1CE584A)|20221111|151712
000150025423|F|SRM Approval Process for Document ID 106813675 (GUID: 0E1154A034401EED98B9D202BEC0784A)|20221111|154754
000150025756|F|SRM-godkännandeprocess för dokument-ID 106813731 (GUID: 06CA575B99641EED98BA737CD8B1B84A)|20221111|161525
000150026147|F|SRM Approval Process for Document ID 106813656 (GUID: 06CA575B99641EED98B9C35795FBF84A)|20221111|153551
000150026505|F|SRM Approval Process for Document ID 106813631 (GUID: 06391957D9921EED98BA233F961C184B)|20221111|160951
000150026562|F|SRM Approval Process for Document ID 106813728 (GUID: 06CA575B99641EED98BA64A8E0E4F84A)|20221111|161151
000150027330|F|SRM Approval Process for Document ID 106813690 (GUID: 06CA575B99641EED98B9E855A605384A)|20221111|154729
000150027805|F|SRM Approval Process for Document ID 106813781 (GUID: 06CA575B99641EED98BAD7CAC145984A)|20221111|163742
000150027823|F|SRM-Genehmigungsprozess für Beleg-ID 106813785 (GUID: 06CA575B99641EED98BAE2AAED87584A)|20221111|164002
000150028376|F|SRM Approval Process for Document ID 106813729 (GUID: 06CA575B99641EED98BA64EB1A17784A)|20221111|161157
000150029119|F|SRM Approval Process for Document ID 106813697 (GUID: 06CA575B99641EED98BA06BDAC89184A)|20221111|155604
000150029520|F|SRM Approval Process for Document ID 106813769 (GUID: 06CA575B99641EED98BABE623F93184A)|20221111|163411
000150030771|F|SRM Approval Process for Document ID 106813890 (GUID: 06CA575B99641EED98BC5B57BA24D84A)|20221111|180411
000150030902|F|SRM Approval Process for Document ID 106813900 (GUID: 06CA575B99641EED98BCA663DF2DB84A)|20221111|182100
000150030938|F|SRM Approval Process for Document ID 106813907 (GUID: 06CA575B99641EED98BCC8FDA6A1184A)|20221111|182849
000150031640|F|SRM Approval Process for Document ID 106813884 (GUID: 06CA575B99641EED98BC4F2BD55F384A)|20221111|180136
000150031692|F|SRM Approval Process for Document ID 106813895 (GUID: 06CA575B99641EED98BC8B648A56F84A)|20221111|181751
000150031795|F|SRM Approval Process for Document ID 106813910 (GUID: 06CA575B99641EED98BCD7958069F84A)|20221111|183201
000150032021|F|SRM Approval Process for Document ID 106813831 (GUID: 06CA575B99641EED98BB6748C57B984A)|20221111|170938
000150033655|F|SRM Approval Process for Document ID 106813899 (GUID: 06CA575B99641EED98BCA3C073E0384A)|20221111|182028
000150033768|F|SRM Approval Process for Document ID 106813915 (GUID: 06CA575B99641EED98BCFB7568A2D84A)|20221111|184002
000150034190|F|SRM Approval Process for Document ID 106813881 (GUID: 06CA575B99641EED98BC34689148584A)|20221111|175530
000150034243|F|SRM Approval Process for Document ID 106813891 (GUID: 06CA575B99641EED98BC765BFF69F84A)|20221111|181021
000150034332|F|SRM Approval Process for Document ID 106813906 (GUID: 06CA575B99641EED98BCC2A2BFECF84A)|20221111|182720
000150034384|F|SRM Approval Process for Document ID 106813912 (GUID: 06CA575B99641EED98BCF01592C7D84A)|20221111|183727
000150034753|F|SRM-Genehmigungsprozess für Beleg-ID 106813982 (GUID: 06CA575B99641EED98BE36C9A8B9584A)|20221111|195035
000150034828|F|Processo de aprovação SRM para ID de documento 106813992 (GUID: 06CA575B99641EED98BEBD4F9BCBB84A)|20221111|202038
000150035086|F|SRM Approval Process for Document ID 106813923 (GUID: 06CA575B99641EED98BD1C40644FF84A)|20221111|184723
000150035553|F|SRM Approval Process for Document ID 106814037 (GUID: 0AA88FAB72F01EED98BF63CAD8AC184A)|20221111|210205
000150036319|F|SRM Approval Process for Document ID 106814019 (GUID: 0AA88FAB72F01EED98BED37BF761984A)|20221111|203523
000150037123|F|SRM Approval Process for Document ID 106813804 (GUID: 06391957D9921EED98BDE2300117184B)|20221111|193809
000150037754|F|SRM Approval Process for Document ID 106814063 (GUID: 06CA575B99641EED98C13D812DC6B84A)|20221111|224352
000150040919|F|Proceso de autorización de SRM para ID de documento 106814228 (GUID: 06CA575B99641EED98CE363F0AE8584A)|20221112|110647
000150042771|F|SRM-Genehmigungsprozess für Beleg-ID 106814221 (GUID: 06CA575B99641EED98CDE48240C9384A)|20221112|104825
000150042856|F|SRM-Genehmigungsprozess für Beleg-ID 106814231 (GUID: 06CA575B99641EED98CE5C37F6CE784A)|20221112|111522
000150044502|F|SRM-Genehmigungsprozess für Beleg-ID 106814226 (GUID: 06CA575B99641EED98CE2BEBE3E6784A)|20221112|110432
000150044695|F|SRM-Genehmigungsprozess für Beleg-ID 106814265 (GUID: 06CA575B99641EED98CF647EB1D4584A)|20221112|121422
000150044750|F|SRM-Genehmigungsprozess für Beleg-ID 106814269 (GUID: 06CA575B99641EED98CF7BA54736F84A)|20221112|121936
000150045206|F|SRM-Genehmigungsprozess für Beleg-ID 106814289 (GUID: 06CA575B99641EED98D0876C95B2D84A)|20221112|131922
000150045400|F|Processus d'approbation SRM pour ID document 106814324 (GUID : 06CA575B99641EED98D2574526BF984A)|20221112|150308
000150045436|F|Processus d'approbation SRM pour ID document 106814329 (GUID : 06CA575B99641EED98D271606FA2984A)|20221112|150858
000150045499|F|SRM Approval Process for Document ID 106814345 (GUID: 06CA575B99641EED98D299D82C7EF84A)|20221112|151804
000150045851|F|Proceso de autorización de SRM para ID de documento 106814410 (GUID: 06CA575B99641EED98D6B97DB774784A)|20221112|191410
000150045869|F|Proceso de autorización de SRM para ID de documento 106814425 (GUID: 06CA575B99641EED98D7100C71FCD84A)|20221112|193331
000150045905|F|Proceso de autorización de SRM para ID de documento 106814428 (GUID: 06CA575B99641EED98D74572779CB84A)|20221112|194531
000150045941|F|Proceso de autorización de SRM para ID de documento 106814434 (GUID: 06CA575B99641EED98D7D6113A4D584A)|20221112|201749
000150046236|F|SRM-Genehmigungsprozess für Beleg-ID 106814294 (GUID: 06CA575B99641EED98D0CF8E24CFD84A)|20221112|133530
000150046963|F|Proceso de autorización de SRM para ID de documento 106814412 (GUID: 06CA575B99641EED98D6ED42DD6C184A)|20221112|192550
000150047756|F|SRM-Genehmigungsprozess für Beleg-ID 106814402 (GUID: 06CA575B99641EED98D52B2411DC384A)|20221112|174503
000150047940|F|Proceso de autorización de SRM para ID de documento 106814430 (GUID: 06CA575B99641EED98D759CA6090B84A)|20221112|195002
000150049625|F|Proceso de autorización de SRM para ID de documento 106814408 (GUID: 06CA575B99641EED98D6A87E21D2784A)|20221112|191030
000150051158|F|SRM Approval Process for Document ID 106814466 (GUID: 0AA88FAB72F01EED98DC75204099D84A)|20221113|004228
000150059068|F|SRM Approval Process for Document ID 106814607 (GUID: 06CA575B99641EED98F09219C567984A)|20221113|195416
000150060245|F|SRM Approval Process for Document ID 106814761 (GUID: 06CA575B99641EED98F919D8E0B3D84A)|20221114|040249
000150060892|F|SRM Approval Process for Document ID 106814875 (GUID: 06CA575B99641EED98FC37C6AD01784A)|20221114|070118
000150061878|F|SRM-godkännandeprocess för dokument-ID 106814926 (GUID: 06CA575B99641EED98FCDEEFED43784A)|20221114|073841
000150061927|F|SRM Approval Process for Document ID 106814932 (GUID: 06CA575B99641EED98FCF3A8E113384A)|20221114|074325
000150062427|F|SRM-Genehmigungsprozess für Beleg-ID 106814862 (GUID: 06CA575B99641EED98FC0678BC3CF84A)|20221114|065020
000150063813|F|SRM-Genehmigungsprozess für Beleg-ID 106814921 (GUID: 06CA575B99641EED98FCCEAF4A34D84A)|20221114|073503
000150063950|F|SRM-Genehmigungsprozess für Beleg-ID 106814933 (GUID: 06CA575B99641EED98FCF693C814B84A)|20221114|074406
000150064483|F|SRM Approval Process for Document ID 106814873 (GUID: 06CA575B99641EED98FC33D419E3184A)|20221114|070026
000150065594|F|SRM-Genehmigungsprozess für Beleg-ID 106815000 (GUID: 06CA575B99641EED98FD9C031B60584A)|20221114|082056
000150065810|F|SRM Approval Process for Document ID 106815032 (GUID: 06CA575B99641EED98FDF133C220584A)|20221114|084001
000150065916|F|SRM-Genehmigungsprozess für Beleg-ID 106815061 (GUID: 06CA575B99641EED98FE266500A8384A)|20221114|085207
000150066037|F|SRM-Genehmigungsprozess für Beleg-ID 106814941 (GUID: 06CA575B99641EED98FD0E98E269584A)|20221114|074924
000150066545|F|SRM Approval Process for Document ID 106815035 (GUID: 06CA575B99641EED98FDF55339C1D84A)|20221114|084058
000150066619|F|SRM Approval Process for Document ID 106815049 (GUID: 06CA575B99641EED98FE0978578B584A)|20221114|084528
000150066669|F|SRM Approval Process for Document ID 106815053 (GUID: 06CA575B99641EED98FE18714A4CB84A)|20221114|084859
000150066990|F|SRM Approval Process for Document ID 106815113 (GUID: 06CA575B99641EED98FE9C11DDACF84A)|20221114|092001
000150067478|F|SRM Approval Process for Document ID 106815048 (GUID: 06CA575B99641EED98FE0546DD7B184A)|20221114|084435
000150068199|F|SRM Approval Process for Document ID 106815039 (GUID: 06CA575B99641EED98FDF98958A3B84A)|20221114|084159
000150068315|F|SRM Approval Process for Document ID 106815056 (GUID: 06CA575B99641EED98FE202FFAD6D84A)|20221114|085035
000150068365|F|SRM Approval Process for Document ID 106815064 (GUID: 06CA575B99641EED98FE2947F9BF784A)|20221114|085238
000150069167|F|SRM Approval Process for Document ID 106814995 (GUID: 06CA575B99641EED98FD7462C220B84A)|20221114|081208
000150069204|F|SRM Approval Process for Document ID 106814997 (GUID: 06CA575B99641EED98FD9750A879584A)|20221114|081954
000150069369|F|SRM Approval Process for Document ID 106815036 (GUID: 06CA575B99641EED98FDF718D9CF384A)|20221114|084120
000150069530|F|SRM Approval Process for Document ID 106815070 (GUID: 06CA575B99641EED98FE38E1899ED84A)|20221114|085624
000150069586|F|SRM Approval Process for Document ID 106815077 (GUID: 06CA575B99641EED98FE512DD14FB84A)|20221114|090133
000150069993|F|SRM Approval Process for Document ID 106815152 (GUID: 06CA575B99641EED98FEDE5D83B1B84A)|20221114|095101
000150070333|F|SRM Approval Process for Document ID 106815146 (GUID: 06CA575B99641EED98FEC3AB909EF84A)|20221114|094230
000150070649|F|SRM Approval Process for Document ID 106815179 (GUID: 06CA575B99641EED98FF0AFE696D184A)|20221114|100042
000150070782|F|SRM-Genehmigungsprozess für Beleg-ID 106815212 (GUID: 06CA575B99641EED98FF3F42503DD84A)|20221114|101233
000150071845|F|SRM Approval Process for Document ID 106815284 (GUID: 06CA575B99641EED98FF949AAF87384A)|20221114|101647
000150072195|F|SRM-Genehmigungsprozess für Beleg-ID 106815176 (GUID: 06CA575B99641EED98FF075754D8584A)|20221114|100021
000150072423|F|SRM-Genehmigungsprozess für Beleg-ID 106815214 (GUID: 06CA575B99641EED98FF4056E1AE784A)|20221114|101240
000150072895|F|SRM Approval Process for Document ID 106815345 (GUID: 06CA575B99641EED98FFEA59E64B384A)|20221114|103405
000150073251|F|SRM-Genehmigungsprozess für Beleg-ID 106815202 (GUID: 06CA575B99641EED98FF327AC583384A)|20221114|101026
000150073587|F|SRM Approval Process for Document ID 106815289 (GUID: 06CA575B99641EED98FF9B5CD4A2784A)|20221114|101735
000150073835|F|Processus d'approbation SRM pour ID document 106815229 (GUID : 0AA88FAB72F01EED998056728D74584A)|20221114|110412
000150073875|F|SRM Approval Process for Document ID 106815231 (GUID: 0AA88FAB72F01EED99807E10825D784A)|20221114|111043
000150073893|F|SRM Approval Process for Document ID 106815398 (GUID: 06CA575B99641EED9980966A7F97984A)|20221114|112316
000150074071|F|SRM Approval Process for Document ID 106815181 (GUID: 06CA575B99641EED98FF0E3A7C4DD84A)|20221114|100052
000150074207|F|SRM-Genehmigungsprozess für Beleg-ID 106815197 (GUID: 06CA575B99641EED98FF2D0C03A8D84A)|20221114|100613
000150074332|F|SRM Approval Process for Document ID 106815223 (GUID: 06CA575B99641EED98FF5889C33BD84A)|20221114|101326
000150074369|F|SRM-Genehmigungsprozess für Beleg-ID 106815265 (GUID: 06CA575B99641EED98FF7DD8C645184A)|20221114|101402
000150074661|F|SRM Approval Process for Document ID 106815348 (GUID: 06CA575B99641EED98FFF3C78179984A)|20221114|103536
000150074979|F|SRM Approval Process for Document ID 106815391 (GUID: 06CA575B99641EED99808DAD2F55B84A)|20221114|110937
000150076666|F|SRM-Genehmigungsprozess für Beleg-ID 106815414 (GUID: 06CA575B99641EED9980B86A1059784A)|20221114|112752
000150077297|F|SRM Approval Process for Document ID 106815387 (GUID: 06CA575B99641EED9980817361E5D84A)|20221114|110659
000150078531|F|SRM Approval Process for Document ID 106815383 (GUID: 0E1154A034401EED9980F1D2EBE7384A)|20221114|114912
000150079084|F|SRM-Genehmigungsprozess für Beleg-ID 106815529 (GUID: 06CA575B99641EED9981617DB5B3B84A)|20221114|115705
000150079382|F|SRM-Genehmigungsprozess für Beleg-ID 106815635 (GUID: 06CA575B99641EED9981EFF0AE3CB84A)|20221114|122852
000150079695|F|SRM-Genehmigungsprozess für Beleg-ID 106815673 (GUID: 06CA575B99641EED99823EB6C768384A)|20221114|124627
000150079854|F|Processus d'approbation SRM pour ID document 106815701 (GUID : 06CA575B99641EED99826A2B0580384A)|20221114|125609
000150080144|F|Processus d'approbation SRM pour ID document 106815500 (GUID : 06CA575B99641EED99813B7DBAF3184A)|20221114|115146
000150080366|F|SRM-Genehmigungsprozess für Beleg-ID 106815536 (GUID: 06CA575B99641EED99816C1F3F12584A)|20221114|120010
000150080464|F|Processus d'approbation SRM pour ID document 106815547 (GUID : 06CA575B99641EED99817F1143AA384A)|20221114|120351
000150081093|F|Processus d'approbation SRM pour ID document 106815509 (GUID : 06CA575B99641EED998149CD2C9C784A)|20221114|115515
000150081825|F|SRM Approval Process for Document ID 106815677 (GUID: 06CA575B99641EED9982449FA660784A)|20221114|124747
000150081894|F|SRM-Genehmigungsprozess für Beleg-ID 106815699 (GUID: 06CA575B99641EED99826762D71B384A)|20221114|125539
000150081998|F|SRM Approval Process for Document ID 106815711 (GUID: 06CA575B99641EED99827BB2CFB9784A)|20221114|130006
000150082298|F|SRM Approval Process for Document ID 106815585 (GUID: 06CA575B99641EED9981AA2121F0984A)|20221114|121324
000150082404|F|SRM-Genehmigungsprozess für Beleg-ID 106815603 (GUID: 06CA575B99641EED9981C34B70B2B84A)|20221114|121909
000150082724|F|SRM Approval Process for Document ID 106815690 (GUID: 06CA575B99641EED99825848AF39F84A)|20221114|125210
000150082797|F|SRM Approval Process for Document ID 106815703 (GUID: 06CA575B99641EED99826B37EDF8984A)|20221114|125625
000150083514|F|SRM Approval Process for Document ID 106815658 (GUID: 06CA575B99641EED998222A70CB9F84A)|20221114|124017
000150084148|F|SRM Approval Process for Document ID 106815667 (GUID: 06CA575B99641EED9982351F9A09784A)|20221114|124417
000150084188|F|SRM Approval Process for Document ID 106815676 (GUID: 06CA575B99641EED998244437CB6584A)|20221114|124742
000150085679|F|SRM-Genehmigungsprozess für Beleg-ID 106815905 (GUID: 06CA575B99641EED9983631D661B584A)|20221114|135200
000150085880|F|SRM Approval Process for Document ID 106815948 (GUID: 06CA575B99641EED9983B2407294384A)|20221114|140933
000150086644|F|SRM Approval Process for Document ID 106815877 (GUID: 06CA575B99641EED99833FA0602E584A)|20221114|134357
000150087760|F|SRM Approval Process for Document ID 106815903 (GUID: 06CA575B99641EED9983616DA48B384A)|20221114|135133
000150090775|F|SRM Approval Process for Document ID 106816064 (GUID: 06CA575B99641EED99843DA2D1A1B84A)|20221114|144056
000150090830|F|SRM Approval Process for Document ID 106816068 (GUID: 06CA575B99641EED998443B2B556D84A)|20221114|144207
000150091006|F|SRM Approval Process for Document ID 106815962 (GUID: 06CA575B99641EED9983CCF1F8C5184A)|20221114|141533
000150091170|F|SRM Approval Process for Document ID 106816007 (GUID: 06CA575B99641EED998400C2E893984A)|20221114|142709
000150091390|F|Processus d'approbation SRM pour ID document 106816063 (GUID : 06CA575B99641EED99843DA2CCBFF84A)|20221114|144050
000150091746|F|SRM Approval Process for Document ID 106816145 (GUID: 06CA575B99641EED998494D81863984A)|20221114|150122
000150092527|F|SRM Approval Process for Document ID 106816137 (GUID: 06CA575B99641EED99848062D318F84A)|20221114|145845
000150094211|F|SRM Approval Process for Document ID 106816113 (GUID: 06CA575B99641EED998468791878584A)|20221114|145027
000150095241|F|SRM Approval Process for Document ID 106816185 (GUID: 06CA575B99641EED9984BF6F2ECB984A)|20221114|151407
000150097752|F|SRM Approval Process for Document ID 106816267 (GUID: 06CA575B99641EED998570ED2AE2D84A)|20221114|154931
000150097918|F|SRM Approval Process for Document ID 106816294 (GUID: 06CA575B99641EED9985A56BAADC384A)|20221114|160121
000150101776|F|SRM Approval Process for Document ID 106816439 (GUID: 06CA575B99641EED9987038A7CFA384A)|20221114|171936
000150103314|F|SRM-Genehmigungsprozess für Beleg-ID 106816469 (GUID: 06CA575B99641EED998766D42B1FD84A)|20221114|174142
000150104488|F|SRM Approval Process for Document ID 106816536 (GUID: 06CA575B99641EED99885B481E74F84A)|20221114|183635
000150105184|F|SRM Approval Process for Document ID 106816535 (GUID: 06CA575B99641EED998855FB5A0B784A)|20221114|183517
000150105845|F|SRM Approval Process for Document ID 106816626 (GUID: 06CA575B99641EED998A319A6EEA384A)|20221114|202136
000150107203|F|SRM Approval Process for Document ID 106816624 (GUID: 06CA575B99641EED998A212071D0D84A)|20221114|201801
000150108225|F|SRM Approval Process for Document ID 106816625 (GUID: 06CA575B99641EED998A2AAE4E5BD84A)|20221114|202006
000150120766|F|Proceso de autorización de SRM para ID de documento 106817030 (GUID: 06CA575B99641EED9999D6409097F84A)|20221115|111838
000150121520|F|SRM Approval Process for Document ID 106817013 (GUID: 06CA575B99641EED9999CD07354DF84A)|20221115|111826
000150121634|F|SRM Approval Process for Document ID 106817035 (GUID: 06CA575B99641EED9999DC393CFE184A)|20221115|111854
000150122728|F|SRM-Genehmigungsprozess für Beleg-ID 106817097 (GUID: 06CA575B99641EED999A1779FF40584A)|20221115|113732
000150123695|F|SRM Approval Process for Document ID 106817166 (GUID: 06CA575B99641EED999A5734B357984A)|20221115|115758
000150124085|F|SRM Approval Process for Document ID 106817042 (GUID: 06CA575B99641EED9999EBCFC7E4784A)|20221115|112218
000150124734|F|SRM-Genehmigungsprozess für Beleg-ID 106817181 (GUID: 06CA575B99641EED999A66CB6E92184A)|20221115|120154
000150124996|F|SRM-Genehmigungsprozess für Beleg-ID 106817226 (GUID: 06CA575B99641EED999A97457742B84A)|20221115|121457
000150125108|F|SRM Approval Process for Document ID 106817108 (GUID: 06CA575B99641EED999A2691E482784A)|20221115|114327
000150125285|F|SRM-Genehmigungsprozess für Beleg-ID 106817152 (GUID: 06CA575B99641EED999A4DE3AC3F584A)|20221115|115703
000150125384|F|SRM-Genehmigungsprozess für Beleg-ID 106817174 (GUID: 06CA575B99641EED999A5DF64E46584A)|20221115|120038
000150127609|F|SRM Approval Process for Document ID 106817249 (GUID: 06CA575B99641EED999AB659F681384A)|20221115|122628
000150127719|F|SRM-Genehmigungsprozess für Beleg-ID 106817256 (GUID: 06CA575B99641EED999AC0F6F5AA384A)|20221115|122704
000150128593|F|SRM Approval Process for Document ID 106817306 (GUID: 06CA575B99641EED999B14C53F8F184A)|20221115|130153
000150128718|F|SRM-Genehmigungsprozess für Beleg-ID 106817318 (GUID: 06CA575B99641EED999B27510EBC584A)|20221115|131427
000150128819|F|SRM-Genehmigungsprozess für Beleg-ID 106817331 (GUID: 06CA575B99641EED999B3B112E25984A)|20221115|131602
000150129025|F|SRM-Genehmigungsprozess für Beleg-ID 106817230 (GUID: 06CA575B99641EED999A9D752002984A)|20221115|121536
000150129569|F|Proceso de autorización de SRM para ID de documento 106817307 (GUID: 06CA575B99641EED999B15926AD0784A)|20221115|130306
000150130120|F|SRM Approval Process for Document ID 106817300 (GUID: 06CA575B99641EED999B1048A58F384A)|20221115|125352
000150130264|F|SRM-Genehmigungsprozess für Beleg-ID 106817317 (GUID: 06CA575B99641EED999B269E236F184A)|20221115|131422
000150130307|F|SRM Approval Process for Document ID 106817323 (GUID: 06CA575B99641EED999B2D08D041B84A)|20221115|131515
000150130375|F|SRM-Genehmigungsprozess für Beleg-ID 106817329 (GUID: 06CA575B99641EED999B3655F361F84A)|20221115|131550
000150130675|F|SRM Approval Process for Document ID 106817392 (GUID: 06CA575B99641EED999B8E430186184A)|20221115|134038
000150130723|F|SRM-Genehmigungsprozess für Beleg-ID 106817395 (GUID: 06CA575B99641EED999B96C20C7F584A)|20221115|134236
000150131216|F|SRM Approval Process for Document ID 106817328 (GUID: 06CA575B99641EED999B34CAC324984A)|20221115|131537
000150131505|F|SRM Approval Process for Document ID 106817387 (GUID: 06CA575B99641EED999B79D93BA5D84A)|20221115|132857
000150132042|F|SRM Approval Process for Document ID 106817438 (GUID: 06CA575B99641EED999C242637D6B84A)|20221115|142406
000150133134|F|SRM Approval Process for Document ID 106817388 (GUID: 06CA575B99641EED999B8486025EB84A)|20221115|132949
000150133620|F|SRM Approval Process for Document ID 106817431 (GUID: 06CA575B99641EED999BF7EFD0C0F84A)|20221115|141338
000150134195|F|SRM Approval Process for Document ID 106817396 (GUID: 06CA575B99641EED999B9B823FC0184A)|20221115|134835
000150134331|F|SRM-Genehmigungsprozess für Beleg-ID 106817399 (GUID: 06CA575B99641EED999BB98D602BB84A)|20221115|135732
000150134858|F|SRM-godkendelsesproces for bilags-ID 106817469 (GUID: 06CA575B99641EED999CFDC56AAD384A)|20221115|144121
000150135035|F|Processus d'approbation SRM pour ID document 106817429 (GUID : 06CA575B99641EED999BF0128061B84A)|20221115|141058
000150135402|F|SRM Approval Process for Document ID 106817451 (GUID: 06391957D9921EED999C97B25707384B)|20221115|144121
000150136016|F|SRM-Genehmigungsprozess für Beleg-ID 106817436 (GUID: 06CA575B99641EED999C1A46BA38B84A)|20221115|142354
000150136088|F|SRM-Genehmigungsprozess für Beleg-ID 106817442 (GUID: 06CA575B99641EED999C450028BBB84A)|20221115|142620
000150136281|F|Processus d'approbation SRM pour ID document 106817468 (GUID : 06CA575B99641EED999CD26360AFB84A)|20221115|143928
000150136282|F|SRM Approval Process for Document ID 106817452 (GUID: 06391957D9921EED999CBEEAB0AA784B)|20221115|143928
000150140167|F|Processus d'approbation SRM pour ID document 106817560 (GUID : 06CA575B99641EED999E55E8CC22B84A)|20221115|160706
000150141625|F|SRM-Genehmigungsprozess für Beleg-ID 106817671 (GUID: 06CA575B99641EED99A01C68F176384A)|20221115|172027
000150141852|F|SRM Approval Process for Document ID 106817690 (GUID: 06CA575B99641EED99A074BC6C4C784A)|20221115|173926
000150142555|F|SRM-Genehmigungsprozess für Beleg-ID 106817694 (GUID: 06CA575B99641EED99A0E601A576784A)|20221115|180212
000150142926|F|SRM Approval Process for Document ID 106817794 (GUID: 06CA575B99641EED99A1D8D84236384A)|20221115|185654
000150143653|F|SRM Approval Process for Document ID 106817766 (GUID: 06CA575B99641EED99A181543702984A)|20221115|183645
000150143724|F|SRM Approval Process for Document ID 106817774 (GUID: 06CA575B99641EED99A1A7182B58784A)|20221115|184525
000150147187|F|SRM-Genehmigungsprozess für Beleg-ID 106817835 (GUID: 06CA575B99641EED99A23F7931A0384A)|20221115|193332
000150147367|F|SRM Approval Process for Document ID 106817851 (GUID: 06CA575B99641EED99A275AED670584A)|20221115|194446
000150148181|F|SRM Approval Process for Document ID 106817836 (GUID: 06CA575B99641EED99A240A1B39AB84A)|20221115|193335
000150151192|F|SRM Approval Process for Document ID 106817942 (GUID: 06CA575B99641EED99A435D59971984A)|20221115|211131
000150151244|F|SRM Approval Process for Document ID 106817952 (GUID: 06CA575B99641EED99A47182827CF84A)|20221115|212501
000150156798|F|SRM Approval Process for Document ID 106818067 (GUID: 06CA575B99641EED99A9D2FBC5A6584A)|20221116|023308
000150158210|F|SRM Approval Process for Document ID 106818053 (GUID: 06CA575B99641EED99A9480FDC4B384A)|20221116|020153
000150158462|F|SRM Approval Process for Document ID 106818077 (GUID: 06CA575B99641EED99AA1236E5D7D84A)|20221116|024713
000150158480|F|SRM Approval Process for Document ID 106818078 (GUID: 06CA575B99641EED99AA182C0398B84A)|20221116|024832
000150160802|F|SRM Approval Process for Document ID 106818153 (GUID: 06CA575B99641EED99AC10910012B84A)|20221116|044117
000150161784|F|SRM Approval Process for Document ID 106818184 (GUID: 06CA575B99641EED99AD1B2FFBE7984A)|20221116|054354
000150163952|F|SRM-Genehmigungsprozess für Beleg-ID 106818222 (GUID: 06CA575B99641EED99AE0032EF0B184A)|20221116|063931
000150166778|F|SRM Approval Process for Document ID 106818120 (GUID: 0AA88FAB72F01EED99AEA3D83396984A)|20221116|073035
000150167993|F|SRM Approval Process for Document ID 106818308 (GUID: 06CA575B99641EED99AF2665E8FD984A)|20221116|073805
000150168987|F|SRM-Genehmigungsprozess für Beleg-ID 106818332 (GUID: 06CA575B99641EED99AF647A2AEE784A)|20221116|075157
000150169163|F|SRM Approval Process for Document ID 106818259 (GUID: 06CA575B99641EED99AEB1D1D777F84A)|20221116|073036
000150169324|F|SRM Approval Process for Document ID 106818264 (GUID: 06CA575B99641EED99AED09A30B2784A)|20221116|073125
000150169554|F|SRM Approval Process for Document ID 106818285 (GUID: 06CA575B99641EED99AF0B2C7297784A)|20221116|073240
000150169680|F|SRM-Genehmigungsprozess für Beleg-ID 106818307 (GUID: 06CA575B99641EED99AF233B2458584A)|20221116|073715
000150169760|F|SRM-Genehmigungsprozess für Beleg-ID 106818315 (GUID: 06CA575B99641EED99AF424169B5584A)|20221116|074411
000150170919|F|Proceso de autorización de SRM para ID de documento 106818372 (GUID: 06CA575B99641EED99AFB9EA74A7B84A)|20221116|081058
000150170940|F|SRM Approval Process for Document ID 106818373 (GUID: 06CA575B99641EED99AFBE70C19B984A)|20221116|081158
000150171557|F|SRM Approval Process for Document ID 106818344 (GUID: 06CA575B99641EED99AF84734A5B984A)|20221116|075905
000150172099|F|SRM-Genehmigungsprozess für Beleg-ID 106818319 (GUID: 06CA575B99641EED99AF498BA75FD84A)|20221116|074549
000150172135|F|SRM-Genehmigungsprozess für Beleg-ID 106818321 (GUID: 06CA575B99641EED99AF4F9ACE7E184A)|20221116|074710
000150172153|F|SRM Approval Process for Document ID 106818322 (GUID: 06CA575B99641EED99AF51C8609D384A)|20221116|074740
000150172339|F|SRM Approval Process for Document ID 106818336 (GUID: 06CA575B99641EED99AF7418236C184A)|20221116|075520
000150172514|F|SRM Approval Process for Document ID 106818350 (GUID: 06CA575B99641EED99AF922981A9384A)|20221116|080209
000150172702|F|SRM-Genehmigungsprozess für Beleg-ID 106818361 (GUID: 06CA575B99641EED99AFA673EE24384A)|20221116|080637
000150172815|F|SRM Approval Process for Document ID 106818370 (GUID: 06CA575B99641EED99AFB69A6442584A)|20221116|081015
000150173335|F|SRM-Genehmigungsprozess für Beleg-ID 106818363 (GUID: 06CA575B99641EED99AFAB38C63ED84A)|20221116|080744
000150173807|F|SRM-godkännandeprocess för dokument-ID 106818413 (GUID: 06CA575B99641EED99B009B12FDB584A)|20221116|082849
000150174325|F|Processus d'approbation SRM pour ID document 106818367 (GUID : 06CA575B99641EED99AFB3B1A721384A)|20221116|080935
000150174835|F|SRM Approval Process for Document ID 106818411 (GUID: 06CA575B99641EED99B007F802F0784A)|20221116|082825
000150174870|F|SRM-godkännandeprocess för dokument-ID 106818426 (GUID: 06CA575B99641EED99B00FFF3A3B584A)|20221116|083018
000150175026|F|SRM Approval Process for Document ID 106818378 (GUID: 06CA575B99641EED99AFC77EC101184A)|20221116|081402
000150175105|F|SRM-godkännandeprocess för dokument-ID 106818382 (GUID: 06CA575B99641EED99AFCFD4C944984A)|20221116|081555
000150175189|F|SRM-godkännandeprocess för dokument-ID 106818387 (GUID: 06CA575B99641EED99AFE17BBF8B384A)|20221116|081948
000150175378|F|SRM Approval Process for Document ID 106818404 (GUID: 06CA575B99641EED99AFFF639D73584A)|20221116|082635
000150175897|F|SRM Approval Process for Document ID 106818466 (GUID: 06CA575B99641EED99B059CD3B69B84A)|20221116|084705
000150176192|F|SRM Approval Process for Document ID 106818397 (GUID: 06CA575B99641EED99AFF3C0B541D84A)|20221116|082400
000150176280|F|SRM Approval Process for Document ID 106818406 (GUID: 06CA575B99641EED99B00391AC3FB84A)|20221116|082727
000150176298|F|SRM Approval Process for Document ID 106818407 (GUID: 06CA575B99641EED99B00391AC4B784A)|20221116|082733
000150176425|F|SRM-Genehmigungsprozess für Beleg-ID 106818434 (GUID: 06CA575B99641EED99B02437A914584A)|20221116|083448
000150176548|F|SRM-godkännandeprocess för dokument-ID 106818456 (GUID: 06CA575B99641EED99B04803C2F0784A)|20221116|084248
000150176906|F|SRM Approval Process for Document ID 106818486 (GUID: 06CA575B99641EED99B077FBC340D84A)|20221116|085331
000150176942|F|SRM-godkännandeprocess för dokument-ID 106818492 (GUID: 06CA575B99641EED99B08257C3B0B84A)|20221116|085548
000150176991|F|SRM-godkännandeprocess för dokument-ID 106818505 (GUID: 06CA575B99641EED99B092C45101184A)|20221116|085934
000150177550|F|SRM Approval Process for Document ID 106818441 (GUID: 06CA575B99641EED99B03E6F003BB84A)|20221116|084037
000150177946|F|SRM-godkjenningsprosess for dokument-ID 106818512 (GUID: 06CA575B99641EED99B0997F3F55784A)|20221116|090059
000150177995|F|Proceso de autorización de SRM para ID de documento 106818517 (GUID: 06CA575B99641EED99B09DF2A5C1784A)|20221116|090556
000150178086|F|SRM-Genehmigungsprozess für Beleg-ID 106818437 (GUID: 06CA575B99641EED99B035386225D84A)|20221116|083832
000150178510|F|SRM Approval Process for Document ID 106818485 (GUID: 06CA575B99641EED99B0764A50C9B84A)|20221116|085316
000150178586|F|SRM Approval Process for Document ID 106818502 (GUID: 06CA575B99641EED99B08F78F13F784A)|20221116|085849
000150178713|F|SRM Approval Process for Document ID 106818507 (GUID: 06CA575B99641EED99B0961E9D70F84A)|20221116|090018
000150178872|F|SRM Approval Process for Document ID 106818526 (GUID: 06CA575B99641EED99B0AEC72520984A)|20221116|092645
000150179149|F|SRM Approval Process for Document ID 106818440 (GUID: 06CA575B99641EED99B03BDFF997B84A)|20221116|084002
000150179436|F|SRM-Genehmigungsprozess für Beleg-ID 106818474 (GUID: 06CA575B99641EED99B0662EF6E4784A)|20221116|084933
000150179539|F|SRM Approval Process for Document ID 106818481 (GUID: 06CA575B99641EED99B070DB6FFE384A)|20221116|085209
000150179691|F|SRM-Genehmigungsprozess für Beleg-ID 106818496 (GUID: 06CA575B99641EED99B085875C2CB84A)|20221116|085631
000150179727|F|SRM-Genehmigungsprozess für Beleg-ID 106818498 (GUID: 06CA575B99641EED99B08B04605E184A)|20221116|085744
000150179891|F|SRM-Genehmigungsprozess für Beleg-ID 106818525 (GUID: 06CA575B99641EED99B0AC4CFB65B84A)|20221116|092324
000150180013|F|SRM Approval Process for Document ID 106818483 (GUID: 06CA575B99641EED99B07641FD9A584A)|20221116|085305
000150180048|F|SRM-Genehmigungsprozess für Beleg-ID 106818489 (GUID: 06CA575B99641EED99B07DBB7AD6B84A)|20221116|085453
000150180066|F|SRM-Genehmigungsprozess für Beleg-ID 106818490 (GUID: 06CA575B99641EED99B07F0439F1F84A)|20221116|085508
000150180286|F|Processus d'approbation SRM pour ID document 106818519 (GUID : 06CA575B99641EED99B09FF2C32AB84A)|20221116|090712
000150181009|F|SRM Approval Process for Document ID 106818509 (GUID: 06CA575B99641EED99B096F63B0A984A)|20221116|090025
000150181058|F|SRM Approval Process for Document ID 106818511 (GUID: 06CA575B99641EED99B0992ABD29B84A)|20221116|090056
000150181090|F|SRM Approval Process for Document ID 106818514 (GUID: 06CA575B99641EED99B09BFCB1E0584A)|20221116|090134
000150181226|F|Processus d'approbation SRM pour ID document 106818523 (GUID : 06CA575B99641EED99B0A8598FD2384A)|20221116|092002
000150181432|F|SRM-godkännandeprocess för dokument-ID 106818531 (GUID: 06CA575B99641EED99B0B93F1952184A)|20221116|094112
000150181523|F|SRM Approval Process for Document ID 106818547 (GUID: 06CA575B99641EED99B0D241A608584A)|20221116|103220
000150182031|F|SRM Approval Process for Document ID 106818520 (GUID: 06CA575B99641EED99B0A31EC212F84A)|20221116|091238
000150182253|F|SRM Approval Process for Document ID 106818534 (GUID: 06CA575B99641EED99B0CB27901F184A)|20221116|101305
000150183565|F|Proceso de autorización de SRM para ID de documento 106818573 (GUID: 06CA575B99641EED99B10A9AB9DB584A)|20221116|110707
000150184631|F|Proceso de autorización de SRM para ID de documento 106818570 (GUID: 06CA575B99641EED99B0FE8B6F0D584A)|20221116|110626
000150185738|F|SRM-Genehmigungsprozess für Beleg-ID 106818625 (GUID: 06CA575B99641EED99B16277F084F84A)|20221116|115433
000150185942|F|SRM Approval Process for Document ID 106818651 (GUID: 06CA575B99641EED99B1908B9918984A)|20221116|121254
000150186990|F|SRM Approval Process for Document ID 106818669 (GUID: 06CA575B99641EED99B1B476B5B0184A)|20221116|121600
000150188776|F|SRM Approval Process for Document ID 106818725 (GUID: 06CA575B99641EED99B21BA7F48B984A)|20221116|124659
000150188919|F|SRM-Genehmigungsprozess für Beleg-ID 106818738 (GUID: 06CA575B99641EED99B23D691F8AB84A)|20221116|124938
000150189026|F|SRM-Genehmigungsprozess für Beleg-ID 106818665 (GUID: 06CA575B99641EED99B1AA2F6001584A)|20221116|121548
000150189062|F|SRM Approval Process for Document ID 106818670 (GUID: 06CA575B99641EED99B1B52A0B2FD84A)|20221116|121617
000150190421|F|SRM-Genehmigungsprozess für Beleg-ID 106818712 (GUID: 06CA575B99641EED99B1FA6B483DF84A)|20221116|124314
000150190737|F|SRM Approval Process for Document ID 106818732 (GUID: 06CA575B99641EED99B22D5F71C8B84A)|20221116|124816
000150190740|F|SRM Approval Process for Document ID 106818731 (GUID: 06CA575B99641EED99B22D270023384A)|20221116|124817
000150190829|F|SRM Approval Process for Document ID 106818734 (GUID: 06CA575B99641EED99B232F0244B584A)|20221116|124908
000150191406|F|SRM Approval Process for Document ID 106818739 (GUID: 06CA575B99641EED99B23E4AE511F84A)|20221116|124952
000150192007|F|SRM Approval Process for Document ID 106818743 (GUID: 06CA575B99641EED99B24155E580984A)|20221116|125005
000150194407|F|SRM Approval Process for Document ID 106818771 (GUID: 0E1154A034401EED99B32FA2F7EE584A)|20221116|130244
000150195160|F|SRM Approval Process for Document ID 106818803 (GUID: 06CA575B99641EED99B354B59920384A)|20221116|130452
000150195563|F|SRM Approval Process for Document ID 106818889 (GUID: 06CA575B99641EED99B451595119384A)|20221116|131149
000150196324|F|SRM-Genehmigungsprozess für Beleg-ID 106818885 (GUID: 06CA575B99641EED99B44F92C9D7784A)|20221116|131120
000150199422|F|SRM Approval Process for Document ID 106818959 (GUID: 06CA575B99641EED99B50BA180F6384A)|20221116|132929
000150200096|F|SRM Approval Process for Document ID 106818951 (GUID: 06CA575B99641EED99B4E656AD1C584A)|20221116|132625
000150204489|F|SRM Approval Process for Document ID 106819150 (GUID: 06CA575B99641EED99B628948703D84A)|20221116|142129
000150205288|F|SRM-Genehmigungsprozess für Beleg-ID 106819134 (GUID: 06CA575B99641EED99B61FA0D77B784A)|20221116|141940
